,Employment period ,Time in current department ,Gender ,Team leader ,Age ,Member of professional organizations ,.Net ,SQL Server ,HTML CSS Java Script ,PHP mySQL ,Fast working,Awards,Communicative 
count,798.0,798.0,798.0,798.0,798.0,798.0,798.0,798.0,798.0,798.0,798.0,798.0,798.0
mean,0.491755705052104,0.4237867395762132,0.48621553884711777,0.5112781954887218,0.5268008731506185,0.487468671679198,0.4699248120300752,0.4649122807017544,0.5050125313283208,0.4774436090225564,0.506265664160401,0.5025062656641605,0.5238095238095238
std,0.3064157195466857,0.2877077801070929,0.5001234112782114,0.500186284295152,0.2564166578674294,0.5001564205975803,0.4994076736020377,0.49908013736546775,0.5002884360953175,0.4998042087955482,0.5002742932440167,0.500307292608482,0.4997460070655303
min,0.0,0.0,0.0,0.0,0.0,0.0,0.0,0.0,0.0,0.0,0.0,0.0,0.0
25%,0.21052631578947367,0.1818181818181818,0.0,0.0,0.35483870967741926,0.0,0.0,0.0,0.0,0.0,0.0,0.0,0.0
50%,0.47368421052631576,0.36363636363636365,0.0,1.0,0.5161290322580645,0.0,0.0,0.0,1.0,0.0,1.0,1.0,1.0
75%,0.736842105263158,0.6363636363636364,1.0,1.0,0.7096774193548387,1.0,1.0,1.0,1.0,1.0,1.0,1.0,1.0
max,1.0,0.9999999999999999,1.0,1.0,1.0,1.0,1.0,1.0,1.0,1.0,1.0,1.0,1.0
