,Employment period ,Time in current department ,Gender ,Team leader ,Age ,Member of professional organizations ,.Net ,SQL Server ,HTML CSS Java Script ,PHP mySQL ,Fast working,Awards,Communicative 
count,200.0,200.0,200.0,200.0,200.0,200.0,200.0,200.0,200.0,200.0,200.0,200.0,200.0
mean,0.5036842105263157,0.4231818181818181,0.48,0.475,0.5446774193548387,0.5,0.505,0.52,0.52,0.48,0.49,0.5,0.51
std,0.2978932321977509,0.30276183478385466,0.5008535428214359,0.5006277466376765,0.274027630900763,0.5012547071170855,0.5012296437551299,0.5008535428214359,0.5008535428214359,0.5008535428214359,0.5011544461485624,0.5012547071170855,0.5011544461485624
min,0.0,0.0,0.0,0.0,0.0,0.0,0.0,0.0,0.0,0.0,0.0,0.0,0.0
25%,0.21052631578947367,0.1818181818181818,0.0,0.0,0.32258064516129026,0.0,0.0,0.0,0.0,0.0,0.0,0.0,0.0
50%,0.5263157894736843,0.36363636363636365,0.0,0.0,0.5161290322580645,0.5,1.0,1.0,1.0,0.0,0.0,0.5,1.0
75%,0.736842105263158,0.6363636363636364,1.0,1.0,0.782258064516129,1.0,1.0,1.0,1.0,1.0,1.0,1.0,1.0
max,1.0,0.9999999999999999,1.0,1.0,1.0,1.0,1.0,1.0,1.0,1.0,1.0,1.0,1.0
