,Employment period ,Time in current department ,Gender ,Team leader ,Age ,Member of professional organizations ,.Net ,SQL Server ,HTML CSS Java Script ,PHP mySQL ,Fast working,Awards,Communicative 
count,998.0,998.0,998.0,998.0,998.0,998.0,998.0,998.0,998.0,998.0,998.0,998.0,998.0
mean,10.38877755511022,5.660320641282565,0.4849699398797595,0.5040080160320641,40.44188376753507,0.48997995991983967,0.47695390781563124,0.4759519038076152,0.5080160320641283,0.4779559118236473,0.503006012024048,0.5020040080160321,0.5210420841683366
std,5.787715201214408,3.1969532727393792,0.500024622360837,0.5002346169066341,8.05996391514611,0.5001502277818627,0.4997190182205129,0.49967175352946297,0.5001863962930188,0.49976426745937713,0.5002416486910934,0.5002466713337625,0.4998075017934524
min,1.0,1.0,0.0,0.0,24.0,0.0,0.0,0.0,0.0,0.0,0.0,0.0,0.0
25%,5.0,3.0,0.0,0.0,34.0,0.0,0.0,0.0,0.0,0.0,0.0,0.0,0.0
50%,10.0,5.0,0.0,1.0,40.0,0.0,0.0,0.0,1.0,0.0,1.0,1.0,1.0
75%,15.0,8.0,1.0,1.0,47.0,1.0,1.0,1.0,1.0,1.0,1.0,1.0,1.0
max,20.0,12.0,1.0,1.0,55.0,1.0,1.0,1.0,1.0,1.0,1.0,1.0,1.0
